{"assets/animation/confirmed.json":["assets/animation/confirmed.json"],"assets/animation/delivered.json":["assets/animation/delivered.json"],"assets/animation/like.json":["assets/animation/like.json"],"assets/animation/order_pickup.json":["assets/animation/order_pickup.json"],"assets/animation/preparing.json":["assets/animation/preparing.json"],"assets/animation/processing.json":["assets/animation/processing.json"],"assets/fonts/Rubik-Black.ttf":["assets/fonts/Rubik-Black.ttf"],"assets/fonts/Rubik-Bold.ttf":["assets/fonts/Rubik-Bold.ttf"],"assets/fonts/Rubik-Medium.ttf":["assets/fonts/Rubik-Medium.ttf"],"assets/fonts/Rubik-Regular.ttf":["assets/fonts/Rubik-Regular.ttf"],"assets/icons/about_us.svg":["assets/icons/about_us.svg"],"assets/icons/active_order.svg":["assets/icons/active_order.svg"],"assets/icons/add-circle.svg":["assets/icons/add-circle.svg"],"assets/icons/add_icon.svg":["assets/icons/add_icon.svg"],"assets/icons/address.svg":["assets/icons/address.svg"],"assets/icons/arrow-right.svg":["assets/icons/arrow-right.svg"],"assets/icons/arrow_down.svg":["assets/icons/arrow_down.svg"],"assets/icons/back.svg":["assets/icons/back.svg"],"assets/icons/bag.svg":["assets/icons/bag.svg"],"assets/icons/branch.svg":["assets/icons/branch.svg"],"assets/icons/call-center.svg":["assets/icons/call-center.svg"],"assets/icons/call.svg":["assets/icons/call.svg"],"assets/icons/calling.svg":["assets/icons/calling.svg"],"assets/icons/card.svg":["assets/icons/card.svg"],"assets/icons/cart.svg":["assets/icons/cart.svg"],"assets/icons/cartHasItem.svg":["assets/icons/cartHasItem.svg"],"assets/icons/change_language.svg":["assets/icons/change_language.svg"],"assets/icons/change_pass.svg":["assets/icons/change_pass.svg"],"assets/icons/chat.svg":["assets/icons/chat.svg"],"assets/icons/chat_group.svg":["assets/icons/chat_group.svg"],"assets/icons/circle.svg":["assets/icons/circle.svg"],"assets/icons/close-circle.svg":["assets/icons/close-circle.svg"],"assets/icons/cod.svg":["assets/icons/cod.svg"],"assets/icons/deactive.svg":["assets/icons/deactive.svg"],"assets/icons/detailsIcon.svg":["assets/icons/detailsIcon.svg"],"assets/icons/dot_icon.svg":["assets/icons/dot_icon.svg"],"assets/icons/edit.svg":["assets/icons/edit.svg"],"assets/icons/edit_address.svg":["assets/icons/edit_address.svg"],"assets/icons/edit_icon.svg":["assets/icons/edit_icon.svg"],"assets/icons/edit_profile.svg":["assets/icons/edit_profile.svg"],"assets/icons/english.svg":["assets/icons/english.svg"],"assets/icons/gallery.svg":["assets/icons/gallery.svg"],"assets/icons/germany.svg":["assets/icons/germany.svg"],"assets/icons/grid_icon.svg":["assets/icons/grid_icon.svg"],"assets/icons/home.svg":["assets/icons/home.svg"],"assets/icons/home_icon.svg":["assets/icons/home_icon.svg"],"assets/icons/icon_search.svg":["assets/icons/icon_search.svg"],"assets/icons/list_icon.svg":["assets/icons/list_icon.svg"],"assets/icons/location.svg":["assets/icons/location.svg"],"assets/icons/location_icon.svg":["assets/icons/location_icon.svg"],"assets/icons/location_service.svg":["assets/icons/location_service.svg"],"assets/icons/logout.svg":["assets/icons/logout.svg"],"assets/icons/map_icon.svg":["assets/icons/map_icon.svg"],"assets/icons/menu.svg":["assets/icons/menu.svg"],"assets/icons/messages.svg":["assets/icons/messages.svg"],"assets/icons/minus-cirlce.svg":["assets/icons/minus-cirlce.svg"],"assets/icons/offers.svg":["assets/icons/offers.svg"],"assets/icons/office_icon.svg":["assets/icons/office_icon.svg"],"assets/icons/order.svg":["assets/icons/order.svg"],"assets/icons/other.svg":["assets/icons/other.svg"],"assets/icons/payment_logo.svg":["assets/icons/payment_logo.svg"],"assets/icons/paypal.svg":["assets/icons/paypal.svg"],"assets/icons/person.svg":["assets/icons/person.svg"],"assets/icons/privacy.svg":["assets/icons/privacy.svg"],"assets/icons/profile-circle.svg":["assets/icons/profile-circle.svg"],"assets/icons/profile.svg":["assets/icons/profile.svg"],"assets/icons/promo_icon.svg":["assets/icons/promo_icon.svg"],"assets/icons/remove-cirlce.svg":["assets/icons/remove-cirlce.svg"],"assets/icons/right_arrow.svg":["assets/icons/right_arrow.svg"],"assets/icons/round_arrow.svg":["assets/icons/round_arrow.svg"],"assets/icons/round_stepper.svg":["assets/icons/round_stepper.svg"],"assets/icons/routing_icon.svg":["assets/icons/routing_icon.svg"],"assets/icons/search.svg":["assets/icons/search.svg"],"assets/icons/selected_circle.svg":["assets/icons/selected_circle.svg"],"assets/icons/send.svg":["assets/icons/send.svg"],"assets/icons/shop.svg":["assets/icons/shop.svg"],"assets/icons/sms-tracking.svg":["assets/icons/sms-tracking.svg"],"assets/icons/terms_condition.svg":["assets/icons/terms_condition.svg"],"assets/icons/thik.svg":["assets/icons/thik.svg"],"assets/icons/tick-circle.svg":["assets/icons/tick-circle.svg"],"assets/icons/ticked-no-square.svg":["assets/icons/ticked-no-square.svg"],"assets/icons/ticked-yes-square.svg":["assets/icons/ticked-yes-square.svg"],"assets/icons/timeline.svg":["assets/icons/timeline.svg"],"assets/icons/trash.svg":["assets/icons/trash.svg"],"assets/icons/work.svg":["assets/icons/work.svg"],"assets/images/app_logo-2.png":["assets/images/app_logo-2.png"],"assets/images/app_logo.jpg":["assets/images/app_logo.jpg"],"assets/images/app_logo.png":["assets/images/app_logo.png"],"assets/images/ar.png":["assets/images/ar.png"],"assets/images/bd.png":["assets/images/bd.png"],"assets/images/cart.png":["assets/images/cart.png"],"assets/images/cartHasItem.png":["assets/images/cartHasItem.png"],"assets/images/close_circle.png":["assets/images/close_circle.png"],"assets/images/cocacola.png":["assets/images/cocacola.png"],"assets/images/contact.png":["assets/images/contact.png"],"assets/images/de.png":["assets/images/de.png"],"assets/images/dot_circle.png":["assets/images/dot_circle.png"],"assets/images/edit_image.png":["assets/images/edit_image.png"],"assets/images/elips.png":["assets/images/elips.png"],"assets/images/empty_cart.png":["assets/images/empty_cart.png"],"assets/images/en.png":["assets/images/en.png"],"assets/images/fr.png":["assets/images/fr.png"],"assets/images/halal_logo.png":["assets/images/halal_logo.png"],"assets/images/halal_logo.svg":["assets/images/halal_logo.svg"],"assets/images/home.png":["assets/images/home.png"],"assets/images/location.png":["assets/images/location.png"],"assets/images/logo.png":["assets/images/logo.png"],"assets/images/logo.png.orig":["assets/images/logo.png.orig"],"assets/images/lost_connection.png":["assets/images/lost_connection.png"],"assets/images/marker.png":["assets/images/marker.png"],"assets/images/marker_branch.png":["assets/images/marker_branch.png"],"assets/images/marker_user.png":["assets/images/marker_user.png"],"assets/images/menu.png":["assets/images/menu.png"],"assets/images/non_veg.png":["assets/images/non_veg.png"],"assets/images/offer.png":["assets/images/offer.png"],"assets/images/profile.png":["assets/images/profile.png"],"assets/images/profile_circle.png":["assets/images/profile_circle.png"],"assets/images/remove.png":["assets/images/remove.png"],"assets/images/search_not_found.png":["assets/images/search_not_found.png"],"assets/images/splash_logo.png":["assets/images/splash_logo.png"],"assets/images/splash_logo.png.old":["assets/images/splash_logo.png.old"],"assets/images/terms_condition.png":["assets/images/terms_condition.png"],"assets/images/veg.png":["assets/images/veg.png"],"packages/cupertino_icons/assets/CupertinoIcons.ttf":["packages/cupertino_icons/assets/CupertinoIcons.ttf"],"packages/easy_stepper/assets/loading_black.json":["packages/easy_stepper/assets/loading_black.json"],"packages/easy_stepper/assets/loading_white.json":["packages/easy_stepper/assets/loading_white.json"],"packages/flutter_chat_ui/assets/2.0x/icon-arrow.png":["packages/flutter_chat_ui/assets/2.0x/icon-arrow.png"],"packages/flutter_chat_ui/assets/2.0x/icon-attachment.png":["packages/flutter_chat_ui/assets/2.0x/icon-attachment.png"],"packages/flutter_chat_ui/assets/2.0x/icon-delivered.png":["packages/flutter_chat_ui/assets/2.0x/icon-delivered.png"],"packages/flutter_chat_ui/assets/2.0x/icon-document.png":["packages/flutter_chat_ui/assets/2.0x/icon-document.png"],"packages/flutter_chat_ui/assets/2.0x/icon-error.png":["packages/flutter_chat_ui/assets/2.0x/icon-error.png"],"packages/flutter_chat_ui/assets/2.0x/icon-seen.png":["packages/flutter_chat_ui/assets/2.0x/icon-seen.png"],"packages/flutter_chat_ui/assets/2.0x/icon-send.png":["packages/flutter_chat_ui/assets/2.0x/icon-send.png"],"packages/flutter_chat_ui/assets/3.0x/icon-arrow.png":["packages/flutter_chat_ui/assets/3.0x/icon-arrow.png"],"packages/flutter_chat_ui/assets/3.0x/icon-attachment.png":["packages/flutter_chat_ui/assets/3.0x/icon-attachment.png"],"packages/flutter_chat_ui/assets/3.0x/icon-delivered.png":["packages/flutter_chat_ui/assets/3.0x/icon-delivered.png"],"packages/flutter_chat_ui/assets/3.0x/icon-document.png":["packages/flutter_chat_ui/assets/3.0x/icon-document.png"],"packages/flutter_chat_ui/assets/3.0x/icon-error.png":["packages/flutter_chat_ui/assets/3.0x/icon-error.png"],"packages/flutter_chat_ui/assets/3.0x/icon-seen.png":["packages/flutter_chat_ui/assets/3.0x/icon-seen.png"],"packages/flutter_chat_ui/assets/3.0x/icon-send.png":["packages/flutter_chat_ui/assets/3.0x/icon-send.png"],"packages/flutter_chat_ui/assets/icon-arrow.png":["packages/flutter_chat_ui/assets/icon-arrow.png","packages/flutter_chat_ui/assets/2.0x/icon-arrow.png","packages/flutter_chat_ui/assets/3.0x/icon-arrow.png"],"packages/flutter_chat_ui/assets/icon-attachment.png":["packages/flutter_chat_ui/assets/icon-attachment.png","packages/flutter_chat_ui/assets/2.0x/icon-attachment.png","packages/flutter_chat_ui/assets/3.0x/icon-attachment.png"],"packages/flutter_chat_ui/assets/icon-delivered.png":["packages/flutter_chat_ui/assets/icon-delivered.png","packages/flutter_chat_ui/assets/2.0x/icon-delivered.png","packages/flutter_chat_ui/assets/3.0x/icon-delivered.png"],"packages/flutter_chat_ui/assets/icon-document.png":["packages/flutter_chat_ui/assets/icon-document.png","packages/flutter_chat_ui/assets/2.0x/icon-document.png","packages/flutter_chat_ui/assets/3.0x/icon-document.png"],"packages/flutter_chat_ui/assets/icon-error.png":["packages/flutter_chat_ui/assets/icon-error.png","packages/flutter_chat_ui/assets/2.0x/icon-error.png","packages/flutter_chat_ui/assets/3.0x/icon-error.png"],"packages/flutter_chat_ui/assets/icon-seen.png":["packages/flutter_chat_ui/assets/icon-seen.png","packages/flutter_chat_ui/assets/2.0x/icon-seen.png","packages/flutter_chat_ui/assets/3.0x/icon-seen.png"],"packages/flutter_chat_ui/assets/icon-send.png":["packages/flutter_chat_ui/assets/icon-send.png","packages/flutter_chat_ui/assets/2.0x/icon-send.png","packages/flutter_chat_ui/assets/3.0x/icon-send.png"],"packages/flutter_google_places/assets/google_black.png":["packages/flutter_google_places/assets/google_black.png"],"packages/flutter_google_places/assets/google_white.png":["packages/flutter_google_places/assets/google_white.png"],"packages/flutter_inappwebview/assets/t_rex_runner/t-rex.css":["packages/flutter_inappwebview/assets/t_rex_runner/t-rex.css"],"packages/flutter_inappwebview/assets/t_rex_runner/t-rex.html":["packages/flutter_inappwebview/assets/t_rex_runner/t-rex.html"],"packages/fluttertoast/assets/toastify.css":["packages/fluttertoast/assets/toastify.css"],"packages/fluttertoast/assets/toastify.js":["packages/fluttertoast/assets/toastify.js"],"packages/im_stepper/assets/me.jpg":["packages/im_stepper/assets/me.jpg"],"packages/map_launcher/assets/icons/amap.svg":["packages/map_launcher/assets/icons/amap.svg"],"packages/map_launcher/assets/icons/apple.svg":["packages/map_launcher/assets/icons/apple.svg"],"packages/map_launcher/assets/icons/baidu.svg":["packages/map_launcher/assets/icons/baidu.svg"],"packages/map_launcher/assets/icons/citymapper.svg":["packages/map_launcher/assets/icons/citymapper.svg"],"packages/map_launcher/assets/icons/doubleGis.svg":["packages/map_launcher/assets/icons/doubleGis.svg"],"packages/map_launcher/assets/icons/google.svg":["packages/map_launcher/assets/icons/google.svg"],"packages/map_launcher/assets/icons/googleGo.svg":["packages/map_launcher/assets/icons/googleGo.svg"],"packages/map_launcher/assets/icons/here.svg":["packages/map_launcher/assets/icons/here.svg"],"packages/map_launcher/assets/icons/mapswithme.svg":["packages/map_launcher/assets/icons/mapswithme.svg"],"packages/map_launcher/assets/icons/osmand.svg":["packages/map_launcher/assets/icons/osmand.svg"],"packages/map_launcher/assets/icons/osmandplus.svg":["packages/map_launcher/assets/icons/osmandplus.svg"],"packages/map_launcher/assets/icons/petal.svg":["packages/map_launcher/assets/icons/petal.svg"],"packages/map_launcher/assets/icons/tencent.svg":["packages/map_launcher/assets/icons/tencent.svg"],"packages/map_launcher/assets/icons/tomtomgo.svg":["packages/map_launcher/assets/icons/tomtomgo.svg"],"packages/map_launcher/assets/icons/waze.svg":["packages/map_launcher/assets/icons/waze.svg"],"packages/map_launcher/assets/icons/yandexMaps.svg":["packages/map_launcher/assets/icons/yandexMaps.svg"],"packages/map_launcher/assets/icons/yandexNavi.svg":["packages/map_launcher/assets/icons/yandexNavi.svg"],"packages/rflutter_alert/assets/images/close.png":["packages/rflutter_alert/assets/images/close.png","packages/rflutter_alert/assets/images/2.0x/close.png","packages/rflutter_alert/assets/images/3.0x/close.png"],"packages/rflutter_alert/assets/images/icon_error.png":["packages/rflutter_alert/assets/images/icon_error.png","packages/rflutter_alert/assets/images/2.0x/icon_error.png","packages/rflutter_alert/assets/images/3.0x/icon_error.png"],"packages/rflutter_alert/assets/images/icon_info.png":["packages/rflutter_alert/assets/images/icon_info.png","packages/rflutter_alert/assets/images/2.0x/icon_info.png","packages/rflutter_alert/assets/images/3.0x/icon_info.png"],"packages/rflutter_alert/assets/images/icon_success.png":["packages/rflutter_alert/assets/images/icon_success.png","packages/rflutter_alert/assets/images/2.0x/icon_success.png","packages/rflutter_alert/assets/images/3.0x/icon_success.png"],"packages/rflutter_alert/assets/images/icon_warning.png":["packages/rflutter_alert/assets/images/icon_warning.png","packages/rflutter_alert/assets/images/2.0x/icon_warning.png","packages/rflutter_alert/assets/images/3.0x/icon_warning.png"]}